Size,Runtime (seconds),msup, t, alpha
1000,0.2775919,10,0.5,0.6
2000,0.3208236,20,0.5,0.6
3000,0.6170036,30,0.5,0.6
4000,0.8822845,40,0.5,0.6
5000,1.8425583,50,0.5,0.6
6000,1.1937437,60,0.5,0.6
7000,2.6002402,70,0.5,0.6
8000,1.2834372,80,0.5,0.6
9000,3.2746958,90,0.5,0.6
10000,3.012027,100,0.5,0.6
